[{"model": "admin.logentry", "pk": 1, "fields": {"action_time": "2025-03-16T11:05:52.010Z", "user": 1, "content_type": 6, "object_id": "1", "object_repr": "1. Avengers: Infinity War", "action_flag": 1, "change_message": "[{\"added\": {}}]"}}, {"model": "admin.logentry", "pk": 2, "fields": {"action_time": "2025-03-16T11:07:48.769Z", "user": 1, "content_type": 6, "object_id": "2", "object_repr": "2. The Lord of the Rings: The Return of the King", "action_flag": 1, "change_message": "[{\"added\": {}}]"}}, {"model": "admin.logentry", "pk": 3, "fields": {"action_time": "2025-03-16T11:08:11.839Z", "user": 1, "content_type": 6, "object_id": "3", "object_repr": "3. Star Wars: Episode V - The Empire Strikes Back", "action_flag": 1, "change_message": "[{\"added\": {}}]"}}, {"model": "admin.logentry", "pk": 4, "fields": {"action_time": "2025-03-17T15:25:55.753Z", "user": 1, "content_type": 7, "object_id": "2", "object_repr": "cmarunjacko@gmail.com", "action_flag": 2, "change_message": "[{\"changed\": {\"fields\": [\"Role\"]}}]"}}, {"model": "admin.logentry", "pk": 5, "fields": {"action_time": "2025-03-17T15:27:43.782Z", "user": 1, "content_type": 7, "object_id": "1", "object_repr": "admin@gmail.com", "action_flag": 2, "change_message": "[]"}}, {"model": "admin.logentry", "pk": 6, "fields": {"action_time": "2025-03-20T13:50:35.610Z", "user": 1, "content_type": 6, "object_id": "4", "object_repr": "4. Avengers: Age of Ultron", "action_flag": 1, "change_message": "[{\"added\": {}}]"}}, {"model": "admin.logentry", "pk": 7, "fields": {"action_time": "2025-03-20T13:50:39.480Z", "user": 1, "content_type": 6, "object_id": "1", "object_repr": "1. Avengers: Infinity War", "action_flag": 2, "change_message": "[]"}}, {"model": "admin.logentry", "pk": 8, "fields": {"action_time": "2025-03-20T13:50:41.273Z", "user": 1, "content_type": 6, "object_id": "4", "object_repr": "4. Avengers: Age of Ultron", "action_flag": 2, "change_message": "[]"}}, {"model": "admin.logentry", "pk": 9, "fields": {"action_time": "2025-03-20T13:51:07.569Z", "user": 1, "content_type": 6, "object_id": "4", "object_repr": "4. Avengers: Age of Ultron", "action_flag": 2, "change_message": "[{\"changed\": {\"fields\": [\"Genre\"]}}]"}}, {"model": "admin.logentry", "pk": 10, "fields": {"action_time": "2025-03-20T13:53:41.034Z", "user": 1, "content_type": 9, "object_id": "1", "object_repr": "Genre object (1)", "action_flag": 1, "change_message": "[{\"added\": {}}]"}}, {"model": "admin.logentry", "pk": 11, "fields": {"action_time": "2025-03-20T13:54:09.096Z", "user": 1, "content_type": 9, "object_id": "2", "object_repr": "Sci-FI", "action_flag": 1, "change_message": "[{\"added\": {}}]"}}, {"model": "admin.logentry", "pk": 12, "fields": {"action_time": "2025-03-20T13:54:12.500Z", "user": 1, "content_type": 9, "object_id": "2", "object_repr": "Sci-Fi", "action_flag": 2, "change_message": "[{\"changed\": {\"fields\": [\"Name\"]}}]"}}, {"model": "admin.logentry", "pk": 13, "fields": {"action_time": "2025-03-20T13:54:17.623Z", "user": 1, "content_type": 9, "object_id": "3", "object_repr": "Comedy", "action_flag": 1, "change_message": "[{\"added\": {}}]"}}, {"model": "admin.logentry", "pk": 14, "fields": {"action_time": "2025-03-20T13:54:20.275Z", "user": 1, "content_type": 9, "object_id": "4", "object_repr": "Romance", "action_flag": 1, "change_message": "[{\"added\": {}}]"}}, {"model": "admin.logentry", "pk": 15, "fields": {"action_time": "2025-03-20T13:54:25.569Z", "user": 1, "content_type": 9, "object_id": "5", "object_repr": "Horror", "action_flag": 1, "change_message": "[{\"added\": {}}]"}}, {"model": "admin.logentry", "pk": 16, "fields": {"action_time": "2025-03-20T13:54:44.486Z", "user": 1, "content_type": 9, "object_id": "6", "object_repr": "Adventure", "action_flag": 1, "change_message": "[{\"added\": {}}]"}}, {"model": "admin.logentry", "pk": 17, "fields": {"action_time": "2025-03-20T13:55:00.313Z", "user": 1, "content_type": 6, "object_id": "1", "object_repr": "1. Avengers: Infinity War", "action_flag": 2, "change_message": "[{\"changed\": {\"fields\": [\"Genre\"]}}]"}}, {"model": "admin.logentry", "pk": 18, "fields": {"action_time": "2025-03-20T13:55:03.930Z", "user": 1, "content_type": 6, "object_id": "1", "object_repr": "1. Avengers: Infinity War", "action_flag": 2, "change_message": "[]"}}, {"model": "admin.logentry", "pk": 19, "fields": {"action_time": "2025-03-20T13:55:08.978Z", "user": 1, "content_type": 6, "object_id": "4", "object_repr": "4. Avengers: Age of Ultron", "action_flag": 2, "change_message": "[{\"changed\": {\"fields\": [\"Genre\"]}}]"}}, {"model": "admin.logentry", "pk": 20, "fields": {"action_time": "2025-03-20T13:55:18.322Z", "user": 1, "content_type": 6, "object_id": "2", "object_repr": "2. The Lord of the Rings: The Return of the King", "action_flag": 2, "change_message": "[{\"changed\": {\"fields\": [\"Genre\"]}}]"}}, {"model": "admin.logentry", "pk": 21, "fields": {"action_time": "2025-03-20T13:55:22.411Z", "user": 1, "content_type": 6, "object_id": "3", "object_repr": "3. Star Wars: Episode V - The Empire Strikes Back", "action_flag": 2, "change_message": "[{\"changed\": {\"fields\": [\"Genre\"]}}]"}}, {"model": "admin.logentry", "pk": 22, "fields": {"action_time": "2025-03-20T13:56:01.694Z", "user": 1, "content_type": 8, "object_id": "1", "object_repr": "admin@gmail.com watched 1. Avengers: Infinity War at 2025-03-20 13:50:48.146451+00:00", "action_flag": 2, "change_message": "[]"}}, {"model": "admin.logentry", "pk": 23, "fields": {"action_time": "2025-03-20T14:55:48.619Z", "user": 1, "content_type": 10, "object_id": "1", "object_repr": "Subtitle for Avengers: Infinity War (English)", "action_flag": 1, "change_message": "[{\"added\": {}}]"}}, {"model": "admin.logentry", "pk": 24, "fields": {"action_time": "2025-03-20T15:03:42.505Z", "user": 1, "content_type": 10, "object_id": "2", "object_repr": "Subtitle for Avengers: Infinity War (French)", "action_flag": 1, "change_message": "[{\"added\": {}}]"}}, {"model": "admin.logentry", "pk": 25, "fields": {"action_time": "2025-03-20T15:04:03.107Z", "user": 1, "content_type": 10, "object_id": "3", "object_repr": "Subtitle for Avengers: Infinity War (Tagalog)", "action_flag": 1, "change_message": "[{\"added\": {}}]"}}, {"model": "admin.logentry", "pk": 26, "fields": {"action_time": "2025-03-20T15:04:15.233Z", "user": 1, "content_type": 10, "object_id": "4", "object_repr": "Subtitle for Avengers: Infinity War (German)", "action_flag": 1, "change_message": "[{\"added\": {}}]"}}, {"model": "admin.logentry", "pk": 27, "fields": {"action_time": "2025-03-20T15:04:24.541Z", "user": 1, "content_type": 10, "object_id": "5", "object_repr": "Subtitle for Avengers: Infinity War (Spanish)", "action_flag": 1, "change_message": "[{\"added\": {}}]"}}, {"model": "admin.logentry", "pk": 28, "fields": {"action_time": "2025-03-20T15:05:07.721Z", "user": 1, "content_type": 6, "object_id": "1", "object_repr": "1. Avengers: Infinity War", "action_flag": 2, "change_message": "[{\"changed\": {\"fields\": [\"Video\"]}}]"}}, {"model": "admin.logentry", "pk": 29, "fields": {"action_time": "2025-03-20T16:48:57.394Z", "user": 1, "content_type": 8, "object_id": "1", "object_repr": "admin@gmail.com watched 1. Avengers: Infinity War at 2025-03-20 13:50:48.146451+00:00", "action_flag": 3, "change_message": ""}}, {"model": "admin.logentry", "pk": 30, "fields": {"action_time": "2025-03-26T05:41:36.472Z", "user": 1, "content_type": 7, "object_id": "4", "object_repr": "rieko@gmail.com", "action_flag": 2, "change_message": "[]"}}, {"model": "admin.logentry", "pk": 31, "fields": {"action_time": "2025-03-26T05:41:36.659Z", "user": 1, "content_type": 7, "object_id": "4", "object_repr": "rieko@gmail.com", "action_flag": 2, "change_message": "[]"}}, {"model": "admin.logentry", "pk": 32, "fields": {"action_time": "2025-03-26T12:24:43.057Z", "user": 1, "content_type": 7, "object_id": "4", "object_repr": "rieko@gmail.com", "action_flag": 2, "change_message": "[]"}}, {"model": "admin.logentry", "pk": 33, "fields": {"action_time": "2025-03-26T12:24:46.121Z", "user": 1, "content_type": 7, "object_id": "3", "object_repr": "user@gmail.com", "action_flag": 2, "change_message": "[]"}}, {"model": "admin.logentry", "pk": 34, "fields": {"action_time": "2025-03-26T12:50:29.017Z", "user": 1, "content_type": 7, "object_id": "5", "object_repr": "chloe@gmail.com", "action_flag": 2, "change_message": "[]"}}, {"model": "admin.logentry", "pk": 35, "fields": {"action_time": "2025-03-26T12:50:43.326Z", "user": 1, "content_type": 7, "object_id": "5", "object_repr": "chloe@gmail.com", "action_flag": 2, "change_message": "[]"}}, {"model": "admin.logentry", "pk": 36, "fields": {"action_time": "2025-03-26T16:46:33.942Z", "user": 1, "content_type": 7, "object_id": "2", "object_repr": "cmarunjacko@gmail.com", "action_flag": 3, "change_message": ""}}, {"model": "admin.logentry", "pk": 37, "fields": {"action_time": "2025-03-26T17:18:53.807Z", "user": 1, "content_type": 7, "object_id": "12", "object_repr": "u5@gmail.com", "action_flag": 3, "change_message": ""}}, {"model": "admin.logentry", "pk": 38, "fields": {"action_time": "2025-03-26T17:18:53.807Z", "user": 1, "content_type": 7, "object_id": "11", "object_repr": "u4@gmail.com", "action_flag": 3, "change_message": ""}}, {"model": "admin.logentry", "pk": 39, "fields": {"action_time": "2025-03-26T17:18:53.807Z", "user": 1, "content_type": 7, "object_id": "10", "object_repr": "u3@gmail.com", "action_flag": 3, "change_message": ""}}, {"model": "admin.logentry", "pk": 40, "fields": {"action_time": "2025-03-26T17:18:53.807Z", "user": 1, "content_type": 7, "object_id": "9", "object_repr": "u2@gmail.com", "action_flag": 3, "change_message": ""}}, {"model": "admin.logentry", "pk": 41, "fields": {"action_time": "2025-03-26T17:18:53.807Z", "user": 1, "content_type": 7, "object_id": "8", "object_repr": "u1@gmail.com", "action_flag": 3, "change_message": ""}}, {"model": "admin.logentry", "pk": 42, "fields": {"action_time": "2025-03-26T17:18:53.807Z", "user": 1, "content_type": 7, "object_id": "7", "object_repr": "cmarunjko@gmail.com", "action_flag": 3, "change_message": ""}}, {"model": "admin.logentry", "pk": 43, "fields": {"action_time": "2025-03-26T17:18:53.807Z", "user": 1, "content_type": 7, "object_id": "6", "object_repr": "cmarunjacko@gmail.com", "action_flag": 3, "change_message": ""}}, {"model": "admin.logentry", "pk": 44, "fields": {"action_time": "2025-03-26T17:19:08.357Z", "user": 1, "content_type": 6, "object_id": "1", "object_repr": "1. Avengers: Infinity War", "action_flag": 2, "change_message": "[]"}}, {"model": "admin.logentry", "pk": 45, "fields": {"action_time": "2025-03-26T17:33:25.290Z", "user": 1, "content_type": 12, "object_id": "14", "object_repr": "Subscription object (14)", "action_flag": 3, "change_message": ""}}, {"model": "admin.logentry", "pk": 46, "fields": {"action_time": "2025-03-26T17:33:25.290Z", "user": 1, "content_type": 12, "object_id": "13", "object_repr": "Subscription object (13)", "action_flag": 3, "change_message": ""}}, {"model": "admin.logentry", "pk": 47, "fields": {"action_time": "2025-03-26T17:33:25.290Z", "user": 1, "content_type": 12, "object_id": "12", "object_repr": "Subscription object (12)", "action_flag": 3, "change_message": ""}}, {"model": "admin.logentry", "pk": 48, "fields": {"action_time": "2025-03-26T17:33:25.290Z", "user": 1, "content_type": 12, "object_id": "11", "object_repr": "Subscription object (11)", "action_flag": 3, "change_message": ""}}, {"model": "admin.logentry", "pk": 49, "fields": {"action_time": "2025-03-26T17:33:25.290Z", "user": 1, "content_type": 12, "object_id": "3", "object_repr": "Subscription object (3)", "action_flag": 3, "change_message": ""}}, {"model": "admin.logentry", "pk": 50, "fields": {"action_time": "2025-03-26T17:33:25.290Z", "user": 1, "content_type": 12, "object_id": "2", "object_repr": "Subscription object (2)", "action_flag": 3, "change_message": ""}}, {"model": "admin.logentry", "pk": 51, "fields": {"action_time": "2025-03-26T17:33:25.290Z", "user": 1, "content_type": 12, "object_id": "1", "object_repr": "Subscription object (1)", "action_flag": 3, "change_message": ""}}, {"model": "admin.logentry", "pk": 52, "fields": {"action_time": "2025-03-26T18:06:25.423Z", "user": 1, "content_type": 7, "object_id": "20", "object_repr": "u0@gmail.com", "action_flag": 2, "change_message": "[]"}}, {"model": "admin.logentry", "pk": 53, "fields": {"action_time": "2025-03-26T18:43:07.572Z", "user": 1, "content_type": 7, "object_id": "3", "object_repr": "user@gmail.com", "action_flag": 2, "change_message": "[{\"changed\": {\"fields\": [\"Role\"]}}]"}}, {"model": "admin.logentry", "pk": 54, "fields": {"action_time": "2025-03-26T18:43:08.023Z", "user": 1, "content_type": 7, "object_id": "3", "object_repr": "user@gmail.com", "action_flag": 2, "change_message": "[]"}}, {"model": "admin.logentry", "pk": 55, "fields": {"action_time": "2025-03-26T19:30:04.277Z", "user": 1, "content_type": 7, "object_id": "22", "object_repr": "u11@gmail.com", "action_flag": 2, "change_message": "[{\"changed\": {\"fields\": [\"Role\"]}}]"}}, {"model": "auth.permission", "pk": 1, "fields": {"name": "Can add log entry", "content_type": 1, "codename": "add_logentry"}}, {"model": "auth.permission", "pk": 2, "fields": {"name": "Can change log entry", "content_type": 1, "codename": "change_logentry"}}, {"model": "auth.permission", "pk": 3, "fields": {"name": "Can delete log entry", "content_type": 1, "codename": "delete_logentry"}}, {"model": "auth.permission", "pk": 4, "fields": {"name": "Can view log entry", "content_type": 1, "codename": "view_logentry"}}, {"model": "auth.permission", "pk": 5, "fields": {"name": "Can add permission", "content_type": 2, "codename": "add_permission"}}, {"model": "auth.permission", "pk": 6, "fields": {"name": "Can change permission", "content_type": 2, "codename": "change_permission"}}, {"model": "auth.permission", "pk": 7, "fields": {"name": "Can delete permission", "content_type": 2, "codename": "delete_permission"}}, {"model": "auth.permission", "pk": 8, "fields": {"name": "Can view permission", "content_type": 2, "codename": "view_permission"}}, {"model": "auth.permission", "pk": 9, "fields": {"name": "Can add group", "content_type": 3, "codename": "add_group"}}, {"model": "auth.permission", "pk": 10, "fields": {"name": "Can change group", "content_type": 3, "codename": "change_group"}}, {"model": "auth.permission", "pk": 11, "fields": {"name": "Can delete group", "content_type": 3, "codename": "delete_group"}}, {"model": "auth.permission", "pk": 12, "fields": {"name": "Can view group", "content_type": 3, "codename": "view_group"}}, {"model": "auth.permission", "pk": 13, "fields": {"name": "Can add content type", "content_type": 4, "codename": "add_contenttype"}}, {"model": "auth.permission", "pk": 14, "fields": {"name": "Can change content type", "content_type": 4, "codename": "change_contenttype"}}, {"model": "auth.permission", "pk": 15, "fields": {"name": "Can delete content type", "content_type": 4, "codename": "delete_contenttype"}}, {"model": "auth.permission", "pk": 16, "fields": {"name": "Can view content type", "content_type": 4, "codename": "view_contenttype"}}, {"model": "auth.permission", "pk": 17, "fields": {"name": "Can add session", "content_type": 5, "codename": "add_session"}}, {"model": "auth.permission", "pk": 18, "fields": {"name": "Can change session", "content_type": 5, "codename": "change_session"}}, {"model": "auth.permission", "pk": 19, "fields": {"name": "Can delete session", "content_type": 5, "codename": "delete_session"}}, {"model": "auth.permission", "pk": 20, "fields": {"name": "Can view session", "content_type": 5, "codename": "view_session"}}, {"model": "auth.permission", "pk": 21, "fields": {"name": "Can add movie", "content_type": 6, "codename": "add_movie"}}, {"model": "auth.permission", "pk": 22, "fields": {"name": "Can change movie", "content_type": 6, "codename": "change_movie"}}, {"model": "auth.permission", "pk": 23, "fields": {"name": "Can delete movie", "content_type": 6, "codename": "delete_movie"}}, {"model": "auth.permission", "pk": 24, "fields": {"name": "Can view movie", "content_type": 6, "codename": "view_movie"}}, {"model": "auth.permission", "pk": 25, "fields": {"name": "Can add custom user", "content_type": 7, "codename": "add_customuser"}}, {"model": "auth.permission", "pk": 26, "fields": {"name": "Can change custom user", "content_type": 7, "codename": "change_customuser"}}, {"model": "auth.permission", "pk": 27, "fields": {"name": "Can delete custom user", "content_type": 7, "codename": "delete_customuser"}}, {"model": "auth.permission", "pk": 28, "fields": {"name": "Can view custom user", "content_type": 7, "codename": "view_customuser"}}, {"model": "auth.permission", "pk": 29, "fields": {"name": "Can add user watch history", "content_type": 8, "codename": "add_userwatchhistory"}}, {"model": "auth.permission", "pk": 30, "fields": {"name": "Can change user watch history", "content_type": 8, "codename": "change_userwatchhistory"}}, {"model": "auth.permission", "pk": 31, "fields": {"name": "Can delete user watch history", "content_type": 8, "codename": "delete_userwatchhistory"}}, {"model": "auth.permission", "pk": 32, "fields": {"name": "Can view user watch history", "content_type": 8, "codename": "view_userwatchhistory"}}, {"model": "auth.permission", "pk": 33, "fields": {"name": "Can add genre", "content_type": 9, "codename": "add_genre"}}, {"model": "auth.permission", "pk": 34, "fields": {"name": "Can change genre", "content_type": 9, "codename": "change_genre"}}, {"model": "auth.permission", "pk": 35, "fields": {"name": "Can delete genre", "content_type": 9, "codename": "delete_genre"}}, {"model": "auth.permission", "pk": 36, "fields": {"name": "Can view genre", "content_type": 9, "codename": "view_genre"}}, {"model": "auth.permission", "pk": 37, "fields": {"name": "Can add subtitle", "content_type": 10, "codename": "add_subtitle"}}, {"model": "auth.permission", "pk": 38, "fields": {"name": "Can change subtitle", "content_type": 10, "codename": "change_subtitle"}}, {"model": "auth.permission", "pk": 39, "fields": {"name": "Can delete subtitle", "content_type": 10, "codename": "delete_subtitle"}}, {"model": "auth.permission", "pk": 40, "fields": {"name": "Can view subtitle", "content_type": 10, "codename": "view_subtitle"}}, {"model": "auth.permission", "pk": 41, "fields": {"name": "Can add bookmark", "content_type": 11, "codename": "add_bookmark"}}, {"model": "auth.permission", "pk": 42, "fields": {"name": "Can change bookmark", "content_type": 11, "codename": "change_bookmark"}}, {"model": "auth.permission", "pk": 43, "fields": {"name": "Can delete bookmark", "content_type": 11, "codename": "delete_bookmark"}}, {"model": "auth.permission", "pk": 44, "fields": {"name": "Can view bookmark", "content_type": 11, "codename": "view_bookmark"}}, {"model": "auth.permission", "pk": 45, "fields": {"name": "Can add subscription", "content_type": 12, "codename": "add_subscription"}}, {"model": "auth.permission", "pk": 46, "fields": {"name": "Can change subscription", "content_type": 12, "codename": "change_subscription"}}, {"model": "auth.permission", "pk": 47, "fields": {"name": "Can delete subscription", "content_type": 12, "codename": "delete_subscription"}}, {"model": "auth.permission", "pk": 48, "fields": {"name": "Can view subscription", "content_type": 12, "codename": "view_subscription"}}, {"model": "contenttypes.contenttype", "pk": 1, "fields": {"app_label": "admin", "model": "logentry"}}, {"model": "contenttypes.contenttype", "pk": 2, "fields": {"app_label": "auth", "model": "permission"}}, {"model": "contenttypes.contenttype", "pk": 3, "fields": {"app_label": "auth", "model": "group"}}, {"model": "contenttypes.contenttype", "pk": 4, "fields": {"app_label": "contenttypes", "model": "contenttype"}}, {"model": "contenttypes.contenttype", "pk": 5, "fields": {"app_label": "sessions", "model": "session"}}, {"model": "contenttypes.contenttype", "pk": 6, "fields": {"app_label": "base", "model": "movie"}}, {"model": "contenttypes.contenttype", "pk": 7, "fields": {"app_label": "base", "model": "customuser"}}, {"model": "contenttypes.contenttype", "pk": 8, "fields": {"app_label": "base", "model": "userwatchhistory"}}, {"model": "contenttypes.contenttype", "pk": 9, "fields": {"app_label": "base", "model": "genre"}}, {"model": "contenttypes.contenttype", "pk": 10, "fields": {"app_label": "base", "model": "subtitle"}}, {"model": "contenttypes.contenttype", "pk": 11, "fields": {"app_label": "base", "model": "bookmark"}}, {"model": "contenttypes.contenttype", "pk": 12, "fields": {"app_label": "base", "model": "subscription"}}, {"model": "sessions.session", "pk": "8vcwjmnc08s8rck43ghmw0lxb889yc3l", "fields": {"session_data": ".eJxVjMEOwiAQBf-FsyFAgS0evfcbCOyCVA0kpT0Z_9026UGvb2bem_mwrcVvPS1-JnZlkl1-txjwmeoB6BHqvXFsdV3myA-Fn7TzqVF63U7376CEXvY6oyMYCICEzZpMhoxpJJccZgFoFZI1NikIWuksnRbBjADRyGHnFtjnCwVmN_s:1txJ8S:fNKgnQHRdc7G6F5zfXuCIzgcxmyhzm-skBqgWXXYx1I", "expire_date": "2025-04-09T05:17:04.832Z"}}, {"model": "sessions.session", "pk": "gp5fw8cbfawjy67frnzrkehd8j3zaa42", "fields": {"session_data": ".eJxVjMEOwiAQBf-FsyFAgS0evfcbCOyCVA0kpT0Z_9026UGvb2bem_mwrcVvPS1-JnZlkl1-txjwmeoB6BHqvXFsdV3myA-Fn7TzqVF63U7376CEXvY6oyMYCICEzZpMhoxpJJccZgFoFZI1NikIWuksnRbBjADRyGHnFtjnCwVmN_s:1txO1I:m81o810-dLzb5FxKRnNYOXYgtZLhB-Q5Wah8pMfnqpw", "expire_date": "2025-04-09T10:30:00.145Z"}}, {"model": "sessions.session", "pk": "mpy1ettscncu2tni84oaemmckbungiaq", "fields": {"session_data": ".eJxVjMEOwiAQBf-FsyFAgS0evfcbCOyCVA0kpT0Z_9026UGvb2bem_mwrcVvPS1-JnZlkl1-txjwmeoB6BHqvXFsdV3myA-Fn7TzqVF63U7376CEXvY6oyMYCICEzZpMhoxpJJccZgFoFZI1NikIWuksnRbBjADRyGHnFtjnCwVmN_s:1txTta:tiJxbvbciQp0-b38qQSHhzcie4AZC9wxNZXgAd4f8Sw", "expire_date": "2025-04-09T16:46:26.039Z"}}, {"model": "sessions.session", "pk": "rbzqwv4pozbnyh7d4kreccg7yssrpnn7", "fields": {"session_data": ".eJxVjMEOwiAQBf-FsyFAgS0evfcbCOyCVA0kpT0Z_9026UGvb2bem_mwrcVvPS1-JnZlkl1-txjwmeoB6BHqvXFsdV3myA-Fn7TzqVF63U7376CEXvY6oyMYCICEzZpMhoxpJJccZgFoFZI1NikIWuksnRbBjADRyGHnFtjnCwVmN_s:1tvGGA:-2MPn0laAoZMfsVO4QF_VBIoCWU-nTkKCtWCGhbqupI", "expire_date": "2025-04-03T13:48:34.004Z"}}, {"model": "sessions.session", "pk": "wh904x1j2ycfismojdfv1kckrby0avxf", "fields": {"session_data": ".eJxVjMEOwiAQBf-FsyFAgS0evfcbCOyCVA0kpT0Z_9026UGvb2bem_mwrcVvPS1-JnZlkl1-txjwmeoB6BHqvXFsdV3myA-Fn7TzqVF63U7376CEXvY6oyMYCICEzZpMhoxpJJccZgFoFZI1NikIWuksnRbBjADRyGHnFtjnCwVmN_s:1ttlmd:Qq054Y2yZwG1jLB9VFbWJ80biRoEiUnvwsDhidy7O-A", "expire_date": "2025-03-30T11:03:55.810Z"}}, {"model": "base.customuser", "pk": 1, "fields": {"password": "pbkdf2_sha256$870000$t2jlnUqjZwz1CdfQR6kQ7o$grKSKiPL7AtFcQNo01nKqeD4x8PmYH7IsST//TsEUgU=", "last_login": "2025-03-26T16:46:26.035Z", "is_superuser": true, "email": "admin@gmail.com", "role": "admin", "is_active": true, "is_staff": true, "groups": [], "user_permissions": []}}, {"model": "base.customuser", "pk": 3, "fields": {"password": "pbkdf2_sha256$870000$E0NegJnr18cenlhdTnDDjG$bqtrocn0GhZRU7gL996XfWbGHEnMSdzMMmwVPvLFPJ4=", "last_login": null, "is_superuser": false, "email": "user@gmail.com", "role": "premium", "is_active": true, "is_staff": false, "groups": [], "user_permissions": []}}, {"model": "base.customuser", "pk": 4, "fields": {"password": "pbkdf2_sha256$870000$XMUVUEKL7IRCnxqpMfCkTt$DWU34giGNWmQWkqOFHkqfKm1TjZrwW82zQ8y1ubn8Jo=", "last_login": null, "is_superuser": false, "email": "rieko@gmail.com", "role": "premium", "is_active": true, "is_staff": false, "groups": [], "user_permissions": []}}, {"model": "base.customuser", "pk": 5, "fields": {"password": "pbkdf2_sha256$870000$iN3hGku9Inzwt9cpJZuSGG$pcjU0c+KGXzdKkcZmeX1UTdemfp9aZY8HuLhghXp8To=", "last_login": null, "is_superuser": false, "email": "chloe@gmail.com", "role": "premium", "is_active": true, "is_staff": false, "groups": [], "user_permissions": []}}, {"model": "base.customuser", "pk": 13, "fields": {"password": "pbkdf2_sha256$870000$FeXRpCgKG81wJ7KCjMKuWw$pYkZZKworTwmJXbhUbcNyqe4EE4jAVbNHeDX6Ab2OHA=", "last_login": null, "is_superuser": false, "email": "u1@gmail.com", "role": "premium", "is_active": true, "is_staff": false, "groups": [], "user_permissions": []}}, {"model": "base.customuser", "pk": 14, "fields": {"password": "pbkdf2_sha256$870000$ecRC2VWLnJ3EaZ86YuExDN$pb7U0SQhecyf6dDDM02sJ57PYlcYm0ZUsD9rjT30thw=", "last_login": null, "is_superuser": false, "email": "u2@gmail.com", "role": "premium", "is_active": true, "is_staff": false, "groups": [], "user_permissions": []}}, {"model": "base.customuser", "pk": 15, "fields": {"password": "pbkdf2_sha256$870000$VITt2usCphuQ5A0pgWL9fh$CEmrR2h6jcOpsMz+epyTvKgU0d5c8wh+WT5FBJOeTts=", "last_login": null, "is_superuser": false, "email": "u3@gmail.com", "role": "premium", "is_active": true, "is_staff": false, "groups": [], "user_permissions": []}}, {"model": "base.customuser", "pk": 16, "fields": {"password": "pbkdf2_sha256$870000$kiYNOMi8LgV2jcqHpLshom$BlJND1PKGtSRB/shuVJN33R4ipG+81965n1RfZGCQPk=", "last_login": null, "is_superuser": false, "email": "u4@gmail.com", "role": "premium", "is_active": true, "is_staff": false, "groups": [], "user_permissions": []}}, {"model": "base.customuser", "pk": 17, "fields": {"password": "pbkdf2_sha256$870000$uoHkaERlTp9khutcnU70Ke$dfu/NrONX2VHlIYSGMqkk0kZ1O0tAfJSSaavf8ZtcNg=", "last_login": null, "is_superuser": false, "email": "putangina@gmail.com", "role": "premium", "is_active": true, "is_staff": false, "groups": [], "user_permissions": []}}, {"model": "base.customuser", "pk": 18, "fields": {"password": "pbkdf2_sha256$870000$GWovPk99aPQxtMyfXf0zfr$KHfjyBqih4kvVEtWudXkO9fnN7+DaiIMXhPjmgd8/GU=", "last_login": null, "is_superuser": false, "email": "shit@gmail.com", "role": "premium", "is_active": true, "is_staff": false, "groups": [], "user_permissions": []}}, {"model": "base.customuser", "pk": 19, "fields": {"password": "pbkdf2_sha256$870000$ctibE5xV34F0A0N6VGUZzV$YP/03jqBMeqCLcccpfOQkUEEBNxEHILvJHG27HfJAYw=", "last_login": null, "is_superuser": false, "email": "u8@gmail.com", "role": "premium", "is_active": true, "is_staff": false, "groups": [], "user_permissions": []}}, {"model": "base.customuser", "pk": 20, "fields": {"password": "pbkdf2_sha256$870000$IQaaxANPNKRJPSkoWpB1Kr$quVhvSH7gdQbQAVPfOh35T9n2BAxdAnGD0ZsuZwdjB0=", "last_login": null, "is_superuser": false, "email": "u0@gmail.com", "role": "premium", "is_active": true, "is_staff": false, "groups": [], "user_permissions": []}}, {"model": "base.customuser", "pk": 21, "fields": {"password": "pbkdf2_sha256$870000$R9Cp66KiHCjWrjLoOQQvBq$BKBL2SRWvpdNNQgtbZrcNNJ116hO30H9fzSZ5NefEuM=", "last_login": null, "is_superuser": false, "email": "123@asd.com", "role": "premium", "is_active": true, "is_staff": false, "groups": [], "user_permissions": []}}, {"model": "base.customuser", "pk": 22, "fields": {"password": "pbkdf2_sha256$870000$71IL61cGFKMTKKSqkIjw8n$12XoMKzVVVie/39bWUCULCL7naMd64NrCv2d+2heGo4=", "last_login": null, "is_superuser": false, "email": "u11@gmail.com", "role": "premium", "is_active": true, "is_staff": false, "groups": [], "user_permissions": []}}, {"model": "base.customuser", "pk": 23, "fields": {"password": "pbkdf2_sha256$870000$So9As47VvrDlsuR7AgfHu5$z66jtBczlE9fKXeCkJIZPZMVnATWDEHBNYcqjnEzXNk=", "last_login": null, "is_superuser": false, "email": "lane@gmail.com", "role": "premium", "is_active": true, "is_staff": false, "groups": [], "user_permissions": []}}, {"model": "base.customuser", "pk": 24, "fields": {"password": "pbkdf2_sha256$870000$MB9oZbvs12ujt1y0x5B4sF$/CbRsYP5TSNC3i8qAYEKDOLw4N7hQlaIwx8JTcTxGFc=", "last_login": null, "is_superuser": false, "email": "pota@gmail.com", "role": "premium", "is_active": true, "is_staff": false, "groups": [], "user_permissions": []}}, {"model": "base.genre", "pk": 1, "fields": {"name": "Action"}}, {"model": "base.genre", "pk": 2, "fields": {"name": "Sci-Fi"}}, {"model": "base.genre", "pk": 3, "fields": {"name": "Comedy"}}, {"model": "base.genre", "pk": 4, "fields": {"name": "Romance"}}, {"model": "base.genre", "pk": 5, "fields": {"name": "Horror"}}, {"model": "base.genre", "pk": 6, "fields": {"name": "Adventure"}}, {"model": "base.movie", "pk": 1, "fields": {"title": "Avengers: Infinity War", "description": "The Avengers and their allies must be willing to sacrifice all in an attempt to defeat the powerful Thanos before his blitz of devastation and ruin puts an end to the universe.", "actors": "Robert Downey Jr., Chris Evans, Mark Ruffalo, Chris Hemsworth", "image": "img/393256496/393256496.jpg", "video": "img/472416377/472416377.mp4", "restricted": true, "genre": [1, 2, 6]}}, {"model": "base.movie", "pk": 2, "fields": {"title": "The Lord of the Rings: The Return of the King", "description": "Frodo and Sam are trekking to Mordor to see the One Ring being guarded by Saruman.", "actors": "Elijah Wood, Viggo Mortensen, Ian McKellen", "image": "img/884298087/884298087.jpg", "video": "", "restricted": true, "genre": [1, 6]}}, {"model": "base.movie", "pk": 3, "fields": {"title": "Star Wars: Episode V - The Empire Strikes Back", "description": "After the Rebels are brutally attacked by the Empire on the ice planet Hoth, Luke Skywalker begins Jedi training with Yoda.", "actors": "Mark Hamill, Harrison Ford, Carrie Fisher", "image": "img/1508558616/1508558616.jpg", "video": "", "restricted": true, "genre": [1, 2, 6]}}, {"model": "base.movie", "pk": 4, "fields": {"title": "Avengers: Age of Ultron", "description": "When Tony Stark and Bruce Banner try to jump-start a dormant peacekeeping program, things go terribly wrong. The villainous Ultron emerges, and it's up to Earth's mightiest heroes to stop him from enacting his terrible plan.", "actors": "Robert Downey Jr., Chris Evans, Mark Ruffalo, Chris Hemsworth, Scarlett Johansson, Jeremy Renner", "image": "img/2331197820/2331197820.jpg", "video": "", "restricted": true, "genre": [1, 2, 6]}}, {"model": "base.userwatchhistory", "pk": 2, "fields": {"user": 1, "movie": 4, "watched_at": "2025-03-20T14:05:17.960Z"}}, {"model": "base.userwatchhistory", "pk": 3, "fields": {"user": 1, "movie": 3, "watched_at": "2025-03-20T15:13:58.384Z"}}, {"model": "base.userwatchhistory", "pk": 4, "fields": {"user": 1, "movie": 2, "watched_at": "2025-03-20T15:13:59.658Z"}}, {"model": "base.userwatchhistory", "pk": 5, "fields": {"user": 1, "movie": 1, "watched_at": "2025-03-20T16:49:21.288Z"}}, {"model": "base.userwatchhistory", "pk": 6, "fields": {"user": 4, "movie": 4, "watched_at": "2025-03-26T05:19:04.299Z"}}, {"model": "base.userwatchhistory", "pk": 7, "fields": {"user": 3, "movie": 4, "watched_at": "2025-03-26T12:23:36.130Z"}}, {"model": "base.userwatchhistory", "pk": 8, "fields": {"user": 5, "movie": 4, "watched_at": "2025-03-26T12:47:06.800Z"}}, {"model": "base.userwatchhistory", "pk": 9, "fields": {"user": 5, "movie": 1, "watched_at": "2025-03-26T12:51:05.843Z"}}, {"model": "base.userwatchhistory", "pk": 19, "fields": {"user": 13, "movie": 1, "watched_at": "2025-03-26T17:21:03.823Z"}}, {"model": "base.userwatchhistory", "pk": 20, "fields": {"user": 14, "movie": 4, "watched_at": "2025-03-26T17:22:00.574Z"}}, {"model": "base.userwatchhistory", "pk": 21, "fields": {"user": 16, "movie": 2, "watched_at": "2025-03-26T17:25:36.261Z"}}, {"model": "base.userwatchhistory", "pk": 22, "fields": {"user": 17, "movie": 1, "watched_at": "2025-03-26T17:32:55.820Z"}}, {"model": "base.userwatchhistory", "pk": 23, "fields": {"user": 18, "movie": 4, "watched_at": "2025-03-26T17:38:06.717Z"}}, {"model": "base.userwatchhistory", "pk": 24, "fields": {"user": 19, "movie": 4, "watched_at": "2025-03-26T17:43:22.403Z"}}, {"model": "base.userwatchhistory", "pk": 25, "fields": {"user": 20, "movie": 4, "watched_at": "2025-03-26T18:04:25.468Z"}}, {"model": "base.userwatchhistory", "pk": 26, "fields": {"user": 21, "movie": 4, "watched_at": "2025-03-26T18:06:55.578Z"}}, {"model": "base.userwatchhistory", "pk": 27, "fields": {"user": 22, "movie": 1, "watched_at": "2025-03-26T18:41:03.960Z"}}, {"model": "base.subtitle", "pk": 1, "fields": {"movie": 1, "language": "English", "subtitle_file": "subtitles/AIWeng.vtt"}}, {"model": "base.subtitle", "pk": 2, "fields": {"movie": 1, "language": "French", "subtitle_file": "subtitles/AIWfr.vtt"}}, {"model": "base.subtitle", "pk": 3, "fields": {"movie": 1, "language": "Tagalog", "subtitle_file": "subtitles/AIWfil.vtt"}}, {"model": "base.subtitle", "pk": 4, "fields": {"movie": 1, "language": "German", "subtitle_file": "subtitles/AIWger.vtt"}}, {"model": "base.subtitle", "pk": 5, "fields": {"movie": 1, "language": "Spanish", "subtitle_file": "subtitles/AIWesp.vtt"}}, {"model": "base.bookmark", "pk": 10, "fields": {"user": 1, "movie": 1, "created_at": "2025-03-21T08:41:25.683Z"}}, {"model": "base.bookmark", "pk": 11, "fields": {"user": 1, "movie": 4, "created_at": "2025-03-24T10:06:59.920Z"}}]